CUST_ID,FNAME,LNAME,ADDRESS,CITY,ZIP,COUNTRY,LOGIN,PASSWORD,CC,CVV,EXPIRATION,EMAIL
1,Samuel,Wright,657-1272 Phasellus Av.,Shippagan,C6B 9A6,Canada,Wright606,DJL64VYQ2AZ,36268378238886,606,08/22/15 07:54 PM,Aliquam.erat@nislNulla.edu
2,Kaye,Armstrong,7618 Tempor Avenue,Fort Laird,J3W 0L9,Canada,Armstrong743,BXT58SGO9FU,645747 3961115627,743,08/25/17 01:50 PM,Donec@Aliquam.org
3,Rogan,Strong,Ap #378-3567 Dui. Street,Hartford,10209,United States,Strong939,DIB20ROH7ZL,646 83397 16769 884,939,01/28/15 06:26 PM,orci@quamelementum.org
4,Danielle,Swanson,206-169 Erat. Rd.,Assiniboia,R7K 5G7,Canada,Swanson802,AJP63KGB7LG,343277660792557,802,12/21/17 02:32 PM,sem@Nullam.ca
5,Rajah,Alvarado,"P.O. Box 442, 5875 Augue, Avenue",West Valley City,53305,United States,Alvarado935,WAP18BWZ8HC,4024 0071 8895 8614,935,01/09/15 05:25 AM,vestibulum.nec@luctusvulputatenisi.org
6,Bree,Mcbride,"P.O. Box 611, 2151 Massa. Av.",South Burlington,85800,United States,Mcbride528,JWK34TJF8FP,378580002367964,528,11/22/16 11:24 AM,pede.nec@Suspendisse.co.uk
7,Rana,Mathis,Ap #374-6576 Ipsum. St.,New Maryland,J5W 4J1,Canada,Mathis381,UDX36TIT3XP,541 11393 73211 778,381,09/19/17 03:08 AM,pede@ut.org
8,Knox,Christensen,Ap #200-261 Arcu St.,Pugwash,P9C 0P9,Canada,Christensen692,QUQ30VMW3CO,645475 439512 0397,692,04/25/14 08:25 PM,non.cursus.non@sit.edu
9,Byron,Sykes,Ap #753-7214 Aenean Street,Cape Breton Island,H9C 0C4,Canada,Sykes491,UMV71FHD8DA,377355827892467,491,10/16/14 03:30 PM,sit.amet@Suspendissecommodo.net
10,Karyn,Rojas,625-9806 Mi Av.,Frederick,60688,United States,Rojas849,MNU05DDO9CO,36381776715726,849,04/07/15 06:10 AM,leo@eleifendnec.net
11,Connor,Silva,"P.O. Box 187, 8311 Non St.",Whitehorse,G0N 6G8,Canada,Silva656,CPY28CWL9VN,4716897683337,656,12/30/14 10:54 PM,pede@eratin.ca
12,Rhonda,Benton,"775-8576 Ut, Av.",Pangnirtung,T1M 3K8,Canada,Benton930,DVI75CFE1LT,601 14220 83107 565,930,08/17/14 11:06 AM,orci.sem@mollis.org
13,Patricia,Montoya,Ap #117-4391 Nisi Road,Whitehorse,N2M 6P1,Canada,Montoya598,ZSW17IFX6ZG,346477345473279,598,05/05/16 07:26 PM,varius.orci@loremeumetus.com
14,Doris,Hoffman,230-4136 Integer Av.,Rutland,94827,United States,Hoffman801,JBW42ZPK4FP,36499606339259,801,09/10/16 12:55 PM,sem.mollis.dui@liberomaurisaliquam.edu
15,Noel,Andrews,759-8693 Orci. Street,Winnipeg,X3C 1M4,Canada,Andrews760,FGR45JCR8ZN,6011 0981 1722 4012,760,08/23/15 03:03 PM,id.ante@acfeugiat.ca
16,Hyatt,Orr,Ap #731-2636 Enim Rd.,Paradise,A5A 2C8,Canada,Orr732,VFW36PNN3VS,379896233052343,732,10/11/16 07:13 PM,pede.Cum.sociis@molestiearcuSed.co.uk
17,Ifeoma,Kemp,9161 Semper St.,Cambridge Bay,T8C 7P5,Canada,Kemp150,SIM95JAG7MR,548551 3389937850,150,10/13/15 02:43 PM,Donec@laciniaorciconsectetuer.ca
18,Hunter,Ayala,1380 Class Road,Lafayette,45749,United States,Ayala332,LCH33QZY3KG,5418 6452 7500 0682,332,07/09/17 07:34 AM,Vivamus.non@accumsan.edu
19,Bree,Richmond,"P.O. Box 744, 9818 Vestibulum Road",Cedar Rapids,85731,United States,Richmond479,CFX90ZPT4KL,527859 953793 3587,479,01/14/17 06:55 AM,parturient.montes@leo.ca
20,Cameron,Gomez,3619 Pede. Road,Chelsea,M5S 6P2,Canada,Gomez126,HYY77HXO0KI,3456 711974 47628,126,01/31/15 04:35 AM,lorem@adipiscinglacus.ca
21,Thaddeus,Vega,"P.O. Box 283, 5770 Pellentesque Rd.",Dieppe,P6A 3G5,Canada,Vega665,RSE00PJM4DB,521044 107745 0675,665,07/30/15 05:59 PM,Phasellus@venenatis.edu
22,Demetrius,Manning,"P.O. Box 197, 6050 Dolor Road",Iowa City,19386,United States,Manning853,XOL18DVX2ZG,371694881591706,853,05/05/17 03:54 AM,sem@consectetuerrhoncusNullam.ca
23,Blythe,Hampton,249-6542 Nam Avenue,Watson Lake,X8Z 3L1,Canada,Hampton642,ZXE41SAV2YH,4.55638096308606E+015,642,12/21/16 05:06 PM,quam@Aenean.edu
24,Stella,Fischer,6859 Dis St.,Town of Yarmouth,J1Y 8Z7,Canada,Fischer482,JJA54ZKJ5EM,550951 798418 4786,482,03/06/16 10:31 AM,feugiat@non.edu
25,Harrison,Mayer,"P.O. Box 609, 3382 Fusce Rd.",New Maryland,A1K 6N6,Canada,Mayer460,MFZ06APJ7WJ,376352454505372,460,04/01/14 06:19 AM,Suspendisse.aliquet.sem@metusvitaevelit.org
26,Beau,Mcintyre,620-4523 Ipsum Rd.,Columbia,35861,United States,Mcintyre476,XXN60PYS7MS,4556559868101,476,10/31/15 02:08 PM,dictum.eleifend.nunc@netus.co.uk
27,Beck,Brennan,"P.O. Box 359, 806 Ante. Ave",Green Bay,11006,United States,Brennan901,WCH31CDJ4RI,5545 6363 2034 1045,901,09/14/17 01:19 PM,orci@sitametmetus.edu
28,Veronica,Day,1577 Ante Road,Colorado Springs,28218,United States,Day743,AMT80ZZZ9NT,36740940428757,743,10/20/14 04:17 PM,et.magnis@magna.co.uk
29,Aaron,Callahan,Ap #927-5488 Lorem Rd.,Fort Good Hope,X5T 1R4,Canada,Callahan803,SXN22BOP2OW,3776 827454 96125,803,11/10/14 05:15 PM,sagittis.placerat.Cras@eu.ca
30,Eugenia,Parsons,631-8101 Ut Rd.,Phoenix,26150,United States,Parsons975,FVK81CXS8CP,655094 3933229082,975,11/24/14 09:58 PM,sapien.gravida.non@egetmetus.net
31,Chaney,Roberson,"P.O. Box 261, 4587 Fringilla Road",Watson Lake,J8L 7E1,Canada,Roberson644,XYL26GWS4YK,5.30660275979357E+015,644,01/25/17 01:11 AM,non.magna.Nam@Nulla.net
32,Jin,Haney,8711 Scelerisque Avenue,Fresno,56347,United States,Haney650,YEK98MNL6NX,36374346698522,650,09/06/15 12:16 AM,ornare.sagittis@sagittis.co.uk
33,Nissim,Barron,Ap #513-6132 Quisque St.,Flin Flon,R0M 2Y0,Canada,Barron147,DEN61KFC1HR,348474760791135,147,11/18/15 09:21 PM,vitae@tortordictumeu.com
34,Athena,Mercer,247-4809 Eu Ave,Portland,77825,United States,Mercer776,SID61YQA4WY,36074268209635,776,07/05/15 12:59 AM,massa.Suspendisse@elementumduiquis.co.uk
35,Carol,Bond,494-4670 Phasellus St.,Gresham,48831,United States,Bond889,VBL09EWF9NV,5489 4542 6591 3929,889,07/30/17 09:22 PM,facilisis.lorem.tristique@commodotinciduntnibh.edu
36,Ciaran,Hawkins,2945 Dolor. Street,Arviat,X2P 3J0,Canada,Hawkins829,EWK77DMW3RP,6474 0388 6137 4498,829,10/15/16 12:21 AM,Proin.sed@metus.com
37,Marshall,Fitzgerald,5626 Vestibulum. Av.,Winnipeg,X0L 8T6,Canada,Fitzgerald743,SHP43LQZ0TD,3777 697692 64297,743,11/28/14 05:54 PM,libero.mauris@Nuncmauris.co.uk
38,Erich,Fletcher,Ap #630-7911 Donec Ave,Paradise,B2P 0J3,Canada,Fletcher509,TWS75IAE8LU,36788495904672,509,02/17/16 03:24 PM,Aliquam.vulputate@gravida.co.uk
39,Wyoming,Woodard,"310-7254 Vitae, Rd.",Evansville,39038,United States,Woodard306,DQL57KZR6WQ,6.49593935037003E+015,306,09/25/15 05:05 AM,dignissim.Maecenas.ornare@imperdietdictummagna.net
40,Sonia,Meyers,"P.O. Box 983, 8334 Cras Ave",Sandy,12218,United States,Meyers265,ETA13OLQ9TW,374468503212356,265,10/08/15 08:55 PM,diam.eu@Maecenas.edu
41,Yardley,Hanson,5666 Etiam Rd.,Chicago,70633,United States,Hanson587,KZJ52JSK5OC,6498 8563 7505 9582,587,05/18/16 03:02 AM,ornare@lectusNullam.net
42,Colton,Pate,"216-2401 Quis, Ave",Kapolei,35070,United States,Pate281,LBF53UEJ3VC,5596 5832 1434 7613,281,09/18/14 06:55 PM,et.ipsum@purusgravidasagittis.org
43,Marah,Cross,621-1847 Est St.,Toronto,J8S 6R7,Canada,Cross152,BPG52PWZ1KB,3755 266168 93849,152,07/03/15 12:02 AM,erat.neque@nibhlacinia.net
44,Cecilia,Carter,"8503 Nec, Rd.",Fort St. John,B6G 5B9,Canada,Carter899,MGB56KJC4RJ,3437 191776 22876,899,01/17/17 09:04 AM,a.odio.semper@tempuseu.net
45,Quynn,Compton,"P.O. Box 631, 5325 Aenean Rd.",Augusta,93467,United States,Compton695,CYC00TFA8AT,4.02400715469047E+015,695,02/19/15 12:36 AM,diam.nunc.ullamcorper@Sednuncest.ca
46,Maya,Cardenas,Ap #910-1754 Eu Avenue,Philadelphia,74958,United States,Cardenas374,XGK68MDW7VD,5177 1136 6225 7812,374,09/26/15 01:15 PM,rutrum@tortoratrisus.net
47,Armando,Malone,8730 Mus. Ave,Billings,23249,United States,Malone877,GFS47NIJ6NH,3775 901722 69628,877,01/01/17 02:00 AM,elit@laoreetlectusquis.com
48,Herman,Rocha,"417-8267 A, Av.",Rochester,64235,United States,Rocha605,GXV91NTD0YH,552 29904 66863 016,605,07/02/15 01:50 PM,Sed.et.libero@indolorFusce.net
49,Chaim,Summers,"P.O. Box 113, 236 Arcu. Avenue",Clarksville,72767,United States,Summers318,HTS53JDY8NM,5.59790848119969E+015,318,04/03/17 08:47 PM,luctus@ultricies.net
50,Pascale,Bryan,"P.O. Box 726, 6529 Morbi Rd.",Portland,73307,United States,Bryan117,OKT85HPO5QS,529 66858 78970 755,117,10/03/16 11:08 PM,parturient@est.co.uk
51,Tanek,Cochran,"P.O. Box 192, 2606 Sed St.",Oklahoma City,10786,United States,Cochran752,FCI13WYW0OD,3408 584571 11219,752,10/19/17 08:00 PM,Suspendisse@elementum.co.uk
52,Jescie,Jennings,Ap #812-1731 Magna. Street,Leamington,Y8A 9A7,Canada,Jennings582,GOW71NKZ6JP,548719 348425 4218,582,12/25/16 06:23 PM,dolor@acarcuNunc.org
53,Quail,Griffin,541-9852 Commodo Street,Estevan,X6T 2L8,Canada,Griffin816,TMQ27BTU5WS,513249 8307943742,816,12/27/15 05:45 AM,Phasellus@laoreet.edu
54,Amethyst,Booker,869-4281 Elit Avenue,Sparwood,G2K 2R8,Canada,Booker788,DAL85SEY2EF,5180 9137 8231 2016,788,06/25/15 05:36 AM,Proin@Aliquamauctorvelit.ca
55,Joel,Mullen,8664 Sociis Street,Virginia Beach,62809,United States,Mullen907,XVO91FOS4OO,347954656017647,907,03/31/17 03:28 AM,ipsum.dolor@Phasellus.ca
56,Zena,Mclean,"P.O. Box 908, 7900 Luctus Rd.",Springfield,13663,United States,Mclean847,UXF24KKW9NA,5515 8201 8012 1541,847,05/15/17 02:41 PM,nisl.Nulla@Morbivehicula.org
57,Ruth,Olsen,Ap #926-7669 Gravida St.,Kaneohe,38443,United States,Olsen396,HSA74NOD2OJ,4539 0847 8765 8752,396,02/22/15 05:09 AM,aliquet.odio@est.net
58,Wyatt,Harding,979-8283 Proin St.,McCallum,H6J 2H7,Canada,Harding697,FAQ51OEP1EW,553 56324 45034 062,697,10/03/15 05:23 AM,elit.Nulla@sedturpisnec.co.uk
59,Zahir,Kemp,Ap #847-9102 Maecenas Rd.,South Portland,42583,United States,Kemp970,WWT12AHK0VR,647225 1961359051,970,10/28/16 04:35 AM,tincidunt@ac.com
60,Tucker,Hampton,"P.O. Box 314, 5427 Integer St.",Indianapolis,63758,United States,Hampton711,KWA91GQJ9BK,558 65806 63953 117,711,08/21/17 02:56 PM,sociis.natoque@miloremvehicula.co.uk
61,Alec,Stark,"320-4618 Vel, Road",Cariboo Regional District,R7A 2M2,Canada,Stark868,TYM95KDN8JM,512 83083 72257 165,868,06/10/15 10:57 PM,nisl.Maecenas@aliquetProinvelit.ca
62,Emmanuel,Mcclure,"P.O. Box 412, 7923 Orci. St.",C�te-Saint-Luc,T5S 1R2,Canada,Mcclure542,NBX86AHX4GG,5266 9135 7197 8834,542,03/14/16 10:19 PM,ornare.egestas@egestasDuisac.ca
63,Taylor,Potter,935-4951 A Avenue,Paradise,R3Y 4B4,Canada,Potter964,KBF80KSD0BV,376364062150152,964,04/29/14 04:12 AM,consequat.auctor.nunc@NullamnislMaecenas.org
64,Madonna,Conway,3488 Lorem. St.,Prince Albert,H0M 4L3,Canada,Conway757,CPI70DEM3CQ,3485 742243 47810,757,02/21/15 07:04 PM,eget.volutpat@eleifendnec.co.uk
65,Isaac,Cline,7850 Magna Road,Minitonas,N3Z 0L2,Canada,Cline172,YRT02GZD6NE,4539884645287,172,07/30/14 10:21 AM,sem.eget.massa@liberoDonec.net
66,Kelly,Hogan,965-5317 Ut St.,Flint,12919,United States,Hogan825,JTD55SJU1HW,4532959849934,825,06/03/16 04:42 AM,massa.rutrum@euismodac.net
67,Amery,Hicks,119-7903 Metus. Ave,Deline,M5T 9J3,Canada,Hicks213,ELV90BCE0TA,3744 681795 88394,213,09/10/16 02:05 PM,amet@enim.ca
68,Carson,Baldwin,"P.O. Box 996, 9393 Euismod Avenue",Nakusp,G3E 2A1,Canada,Baldwin906,RVS16DDU8ST,4716 2312 8623 8025,906,05/20/17 08:01 AM,pede@lectusquismassa.com
69,Petra,Mcgee,"P.O. Box 532, 1164 Ornare Road",Colorado Springs,91303,United States,Mcgee317,SFA11NGV2RD,540 59972 27119 325,317,02/23/17 11:45 AM,Duis.dignissim@arcuCurabiturut.org
70,Ariel,Nash,636-5187 Molestie Rd.,Hamilton,J6A 6P3,Canada,Nash970,NPO70DWJ4XN,649014 0356375533,970,12/02/14 05:35 AM,consequat@elit.org
71,Rebecca,Garrison,"Ap #537-8136 Montes, St.",Lourdes,T9G 6S1,Canada,Garrison425,RHZ69ZSR8AE,36086445474387,425,03/31/14 08:05 AM,pede.malesuada.vel@ante.com
72,Signe,Doyle,402-8947 Libero Rd.,Windsor,V9X 1Y6,Canada,Doyle470,IFE80DAG2ZN,527900 4482893877,470,12/18/14 09:58 AM,aliquet.Phasellus.fermentum@tellus.edu
73,Gretchen,Cervantes,"P.O. Box 491, 6482 Mauris St.",Colchester,51824,United States,Cervantes624,ION26EZB4YW,5.39094450059084E+015,624,12/16/17 07:12 AM,sagittis.Duis@penatibus.net
74,Blake,Hunter,"Ap #131-6380 Tempus, Av.",Glovertown,T2R 5C2,Canada,Hunter489,TVK77WAT7JG,5.1195701524011E+015,489,11/12/15 07:17 PM,ridiculus@blanditcongueIn.net
75,Jackson,Sandoval,"212-5259 Eu, Ave",Memphis,82008,United States,Sandoval603,KVK96QYW9WP,556902 6923165952,603,10/18/17 12:34 AM,in.molestie@iaculislacuspede.com
76,Brett,Wallace,"P.O. Box 757, 5399 Inceptos Street",Watson Lake,H9W 0P9,Canada,Wallace443,YYJ92PGD0CT,3468 175344 89612,443,05/13/17 03:19 PM,nec.urna.et@ornareelit.com
77,Gary,Francis,1083 Cubilia St.,Ajax,Y7X 2K2,Canada,Francis570,ZWD26MUZ1UV,644 49689 03055 027,570,02/01/17 11:16 PM,Integer@egetnisidictum.ca
78,Nigel,Cooper,9790 Orci Rd.,Ketchikan,46227,United States,Cooper223,OHB48WKI3GD,4556013393209,223,07/04/14 06:39 PM,tincidunt.nibh.Phasellus@tempusscelerisquelorem.ca
79,Darryl,Mccarthy,742-2036 Quisque Ave,Tulita,X1Y 6E3,Canada,Mccarthy470,DUQ96UNQ6FR,343376280733650,470,11/08/15 08:42 PM,urna@Aliquam.com
80,Dean,Patel,Ap #601-7607 Adipiscing Rd.,Quispamsis,V9B 3J5,Canada,Patel263,VYH55SQF0MJ,4.55631931104538E+015,263,04/16/15 10:58 PM,amet.diam@imperdietdictummagna.edu
81,Wang,Crosby,"P.O. Box 989, 9144 Ante, Rd.",Orilla,M7Z 5B4,Canada,Crosby712,BEI75STT0TM,371891800689187,712,04/27/17 07:02 PM,sodales.Mauris@odiovel.edu
82,Amena,Nielsen,103-790 Magnis Street,Fort McPherson,K2S 2G4,Canada,Nielsen245,GWA76ROW6OM,3781 296002 95522,245,10/13/15 04:49 AM,neque.venenatis.lacus@pretium.org
83,Drew,Mckay,Ap #449-9078 Nec Av.,Cincinnati,45789,United States,Mckay758,CPH79GOG7IG,3455 446427 20552,758,01/09/16 11:59 AM,vel.turpis.Aliquam@QuisquevariusNam.ca
84,Fritz,Harris,"P.O. Box 802, 5540 Ornare, St.",Racine,71932,United States,Harris572,ZFI78XMH1QC,36888985974381,572,12/02/15 11:14 AM,dignissim.tempor.arcu@uteros.edu
85,Christian,Weaver,Ap #980-2677 Taciti Avenue,Yorkton,C2N 6W4,Canada,Weaver466,UUC38URQ8LD,4716134598322,466,06/30/16 04:24 AM,accumsan.laoreet@dolornonummyac.com
86,Blythe,Martin,"P.O. Box 170, 3582 Convallis Avenue",Fortune,T2H 3H2,Canada,Martin338,GBJ50FYG1SA,648802 6413655047,338,04/23/16 05:44 PM,dictum.augue@aliquameros.org
87,Carla,Pugh,Ap #204-730 Tristique St.,Gibbons,N0B 9N3,Canada,Pugh788,SSV69GBF3JK,644 96766 21241 564,788,10/22/14 03:00 AM,tortor.dictum.eu@mattisIntegereu.co.uk
88,Rajah,Talley,394-3613 Senectus Avenue,Burin,T4K 3X9,Canada,Talley413,JYV08KQO5AW,6498 6991 3003 2126,413,02/25/16 03:29 AM,et.arcu@vitaealiquet.ca
89,Sean,Mcfadden,"P.O. Box 976, 8730 Quisque Ave",Winnipeg,V6X 6P9,Canada,Mcfadden709,MMJ47EBC8AH,6468 9785 9756 3757,709,08/31/14 12:35 PM,dignissim.magna.a@magnatellusfaucibus.com
90,Declan,Nguyen,9685 Quis Avenue,Regina,R0N 1E0,Canada,Nguyen130,FPC28LBF2DH,539308 9523683180,130,09/25/14 11:23 AM,nec@auctor.com
91,Jessamine,Hatfield,282-4274 Molestie Rd.,Rockford,72683,United States,Hatfield529,VTV86HZJ0NX,4485 622 09 7680,529,08/05/16 06:38 PM,nunc@magna.edu
92,Micah,Riley,706-4848 Vel Road,West Jordan,67860,United States,Riley496,TUW91AMJ0PV,402 40071 53574 560,496,01/15/15 09:36 PM,at.auctor@at.co.uk
93,Lysandra,Pace,"924-9284 Odio, Road",Tallahassee,32589,United States,Pace564,WII15AYT3KC,3474 539743 58155,564,08/25/15 09:43 PM,risus.quis.diam@placeratorcilacus.edu
94,Melissa,Humphrey,"170 In, St.",Sacramento,77367,United States,Humphrey829,BDP38ZRJ1UB,4929 4399 3022 6352,829,05/03/14 12:15 AM,fames.ac.turpis@nisidictum.net
95,Melodie,Travis,"P.O. Box 710, 1541 Facilisis Ave",Charlottetown,B8R 3E2,Canada,Travis281,ZBK62PDV6MU,552 02850 40363 381,281,10/20/16 10:52 AM,Quisque@ac.co.uk
96,Anne,Barrett,"P.O. Box 897, 7182 Nunc Rd.",Lang,M0R 2C0,Canada,Barrett931,KTD35ELE7DH,519 23555 25534 462,931,04/29/14 07:38 AM,non@ridiculus.com
97,McKenzie,Murray,"Ap #241-5962 Pede, Rd.",Racine,34707,United States,Murray683,MNY00SJS4LP,645412 2752942813,683,10/06/17 03:47 AM,velit@tinciduntDonec.co.uk
98,Roanna,Hartman,5203 Sapien. Rd.,Jacksonville,91644,United States,Hartman423,YEN75ETJ0KK,36287152953874,423,11/17/15 12:50 PM,penatibus.et@scelerisque.net
99,Xerxes,Solis,"P.O. Box 274, 5915 Amet Road",Northumberland,L3T 6Y7,Canada,Solis402,RAF72TEE1PV,36937902271197,402,01/27/16 01:58 AM,aliquam@InfaucibusMorbi.com
100,Deanna,Molina,Ap #690-8758 Morbi St.,Fort Wayne,56954,United States,Molina175,GQC74MUE1SA,647989 041383 9039,175,06/04/16 06:52 PM,justo@hendrerit.edu
